TweetID,Followed,Followers,Geotagged,TotalTweets,TwitterAge,Username,Verified,nHashtags,nMentions,nURLs
382813388503412736,524,497,True,4071,1990,Waqas Younas,False,3,2,0
382813391435206659,499,2531,True,18846,3028,Vajeesh Partab,False,2,2,0
382813401845485568,236,221,True,20800,1967,LISA EDENS,False,2,1,1
382813437513834497,4201,7628,True,179606,2162,"Hayat Alvi, PhD",False,2,3,1
382813444011204608,273,117,True,6615,2489,Faisal Mustafa,False,1,1,1
382813445495586816,332,520,True,20861,1780,Darwesh,False,2,1,0
382813466014121984,395,11875,True,24982,2674,Nafees Takar,False,2,2,0
382813467528282112,2105,1030,True,6635,3284,Virginia McMillan,False,2,1,1
382813501489946624,144,59,True,1268,1721,fouzia iftikhar,False,3,1,0
382813514881982464,37,1900,True,42940,1692,maria khan,False,2,0,1
382813518602313729,957,12252,True,57968,2945,Die-Hard Pakistani,False,3,1,0
382813530396700672,1386,1733,True,13072,3602,Joel Bassuk,False,1,2,0
382813532305096705,358,20854,True,26214,2988,farah lodhi khan,False,1,1,0
382813540366954497,10,20,True,35617,2201,Shakemaps M1 - M2,False,1,0,1
382813540413095936,10,20,True,35617,2201,Shakemaps M1 - M2,False,1,0,1
382813561875361792,4552,1159,True,21077,3095,John B. A. Kawecki,False,1,2,0
382813587410259968,984,28632,True,298794,2946,.,False,1,1,0
382813601024995328,780,5299,True,20940,2934,Furqan T. Siddiqui,False,4,1,0
382813620356534272,984,28632,True,298794,2946,.,False,3,2,0
382813652752928768,376,422,True,57393,3225,grs,False,2,1,0
382813700375474176,682,743,True,12344,3004,Adnan Kazmy,False,1,0,0
382813702132867072,2157,1473,True,94577,2979,Mr. A Kundi,False,3,2,1
382813719941484544,141,51,True,5474,2385,MS,False,2,1,0
382813733623300096,1246,432,True,9989,3166,Homosapien,False,1,0,1
382813761330888704,802,638,True,2867,1761,Yasir Hussain,False,3,0,1
382813788832940033,1940,5340,True,37283,3133,New Zealand Doctor,False,2,1,1
382813812040409089,63,198,True,6101,3339,Tamoor Zafar,False,4,0,1
382813829719019521,234,4037,True,21524,2711,S M Tabish Tariq,False,1,0,1
382813848006180864,240,142,True,5047,3206,Feel Good Inc,False,1,1,0
382813873679896576,231,522,True,4251,1728,Bahawal Tariq,False,2,0,0
382813924208308224,1098,4093,True,4978,2909,Wishberry.in,False,5,0,0
382813932437917696,82,23056,True,7920,2157,Qasim Ali,False,4,0,0
382813945913831424,1522,3967,True,30431,2288,Adeel Ahmed,False,2,2,0
382813996354510848,271,174,True,14586,3178,H.,False,1,1,0
382814017099558912,700,404,True,4110,3257,Louw,False,2,1,1
382814060326043648,29,132,True,98,1787,Pak Curricula Reform,False,1,1,0
382814060385161216,402,239,True,7528,1957,Farhan Khan,False,1,1,0
382814062196703232,720,867123,True,47472,2468,Umar Cheema,True,1,0,1
382814062704226304,376,422,True,57393,3225,grs,False,4,1,0
382814074104328192,474,1759,True,24639,2545,Sarah Williams,False,1,1,1
382814074439868419,2128,7276,True,181200,1946,Hani Qureshi,False,4,1,0
382814086519869441,341,346,True,2988,2208,Ziad Khan,False,5,1,0
382814114860367872,2,896,True,3284,1967,Earthquake Report M6,False,6,0,1
382814115276025856,536,576,True,7752,2894,Shaheen Baloch,False,1,2,0
382814118056431616,1,740,True,22150,1967,Earthquake Report M5,False,6,0,1
382814125899784192,67,87,True,5968,1997,7 Continents News,False,6,0,1
382814134032531456,6355,8444,True,132435,2023,Armand Vervaeck üéóÔ∏è,False,6,0,1
382814138235236352,0,75,True,2190,2204,Earthquake Report,False,6,0,1
382814139623931904,106,2345,True,111209,1922,Kulbar Baloch Rind‚õì,False,1,2,1
382814141620043776,7,1355,True,4385,2648,SOS Earthquakes,False,6,0,1
382814144824479746,4,1859,True,19239,2719,SOS Earthquakes,False,6,0,1
382814146620059648,490,29,True,617,1789,Zubair,False,1,1,0
382814148851023872,0,2756,True,48537,2933,SOS Earthquakes,False,6,0,1
382814152969838592,3,17068,True,66354,2965,Earthquake Report,False,6,0,1
382814156857950208,195,4512,True,54093,2225,ŸÖŸÑÿßÿ≠ÿ™  ‚òïÔ∏èüåß,False,1,2,0
382814158682877952,103,44,True,71,1798,Enzo Tarascio,False,1,1,1
382814164319993856,82,191,True,2512,2189,Iffat Zia,False,2,1,1
382814178768990208,160,1268,True,578743,3554,ËÇâÁêÉ„Åñ„Çì„Åæ„ÅÑ‚Ñ¢,False,6,1,0
382814179624628224,833,3372,True,36641,2812,‚úå‚úåŸÖ€Åÿßÿ¨ÿ± ‚úå‚úå,False,2,2,0
382814190421168128,3327,17500,True,233038,2539,HH,False,2,1,0
382814241843343361,21,14523,True,134853,1893,STRIKE,False,6,0,0
382814257760321538,480,21692,True,22348,2816,Abdulhaq Omeri,False,2,0,0
382814286654865408,6349,5616,True,377574,3451,(((annfinster))),False,2,1,1
382814335048773632,1315,122963,True,344047,3010,Kamal Faridi,False,8,0,0
382814341247938562,777,1815,True,41791,2135,Saqib Ahmed Khanzada,False,4,1,0
382814365323247617,2901,20981,True,11964,2403,Sher Mohammad Bugti,True,1,0,0
382814369425285120,187,10447,True,210191,3242,Laiq,False,2,0,1
382814374018031616,2252,1613,True,39169,2291,Ôºí„ÅÑ„Éº„Å®,False,6,0,1
382814414220824576,747,181,True,5483,2641,Hala Fawzy,False,6,1,0
382814450119876608,682,743,True,12344,3004,Adnan Kazmy,False,3,2,1
382814489831555072,121,995,True,104984,2460,perhaps ahmed¬Æ,False,2,0,0
382814490053451776,572,115,True,7683,2456,Meizar zaoukari,False,2,1,1
382814495527038976,423,368,True,46539,2780,Yppah Syad,False,4,0,1
382814514682413056,693,6530,True,5422,2166,Laljan Bugti,False,0,1,0
382814523507621888,2990,78888,True,62704,3295,Peter Tatchell,True,6,0,1
382814530809511936,191,22,True,12,1714,hollybewer,False,5,0,1
382814531753639936,295,454,True,12268,1746,AZAD BALOCHISTAN,False,2,1,0
382814538812641280,984,28632,True,298794,2946,.,False,5,1,0
382814615500902400,10,41,True,361,1935,Osman Hyder,False,1,0,0
382814617447436288,632,1237,True,9010,2533,Ed Williams,False,1,3,0
382814633213448192,4991,3038,True,58832,2250,Navinananda,False,0,1,0
382814634090037248,158,1456,True,752090,2296,News Detector,False,3,0,1
382814651580678144,4300,1419,True,40726,2305,Mudifer,False,3,1,0
382814668257263616,4441,2284,True,424285,3271,Rashid Castle-Ali,False,1,2,0
382814695113379840,93,4498,True,238997,2896,Zenub Babur Butt,False,1,1,0
382814739367084032,1655,119253,True,215635,2403,Zarrar Khuhro,False,1,1,0
382814746774626304,50,769,True,6844,2903,Shabbir,False,3,0,1
382814752591732736,186,896392,True,103253,3357,The National,True,1,1,1
382814766852358145,557,2077,True,1036,2832,Zeresh John,False,2,0,1
382814800163508224,4992,1668,True,193378,1830,frischer_fischer,False,6,1,0
382814800293543938,870,8176,True,84203,2275,Rukhsana Qayyum Baig,False,1,2,0
382814811999838208,9736,63179,True,46752,3069,WeedWisdom,False,8,0,0
382814827439071232,870,8176,True,84203,2275,Rukhsana Qayyum Baig,False,3,2,0
382814858309140480,456,2305,True,42763,3012,Umer F. Pirzada,False,4,1,0
382814863774326784,405,395,True,9602,3751,hasanmubarak,False,1,1,0
382814873727410176,22,11,True,102,1701,Mireen baloch,False,1,0,0
382814888776577024,870,8176,True,84203,2275,Rukhsana Qayyum Baig,False,2,2,0
382814901263015937,238,1197,True,199248,2474,Jimmie Musu Garcia,False,5,1,0
382814936030019584,2157,1473,True,94577,2979,Mr. A Kundi,False,5,2,0
382814942023262208,6,40099,True,67022,2385,MULTINEWSPK,False,4,0,0
382814949988249600,1,35533,True,17135,2294,The-Muslim.com,False,2,0,0
382814975292481537,282,29,True,579,1686,Juveria Malik ,False,1,2,0
382814998864478208,61,63,True,1909,3100,Ashley Mortimer,False,1,1,0
382815020603543552,1072,33301,True,195659,3231,IBTimes UK,True,1,0,1
382815028006514688,36,156,True,262,1853,Abdul Kareem Bux,False,0,1,0
382815045748400128,891,24455,True,11490,3109,Rabia Mehmood - ÿ±ÿßÿ®ÿπ€Å,False,1,2,0
382815055781588992,490,29,True,617,1789,Zubair,False,2,3,1
382815067294543872,39,2879,True,27498,2451,Dr Uzma,False,1,0,0
382815093714870272,43,1200,True,28050,1932,Weekly City Channel,False,3,0,0
382815104850329600,880,1201,True,3940,2260,Camille Ammoun,False,5,0,1
382815117575872513,373,627,True,22393,2045,—Ç–Ωe SALMAN,False,2,0,0
382815134047272960,112,1788,True,107918,2877,„ÉÖ‚òÜPEACE‚ô•2‚ô•PAKISTAN‚òÜ„ÉÖ,False,1,1,0
382815139314937856,592,2776,True,137138,2597,Earthquake Alarm,False,1,0,1
382815139994415104,592,2776,True,137138,2597,Earthquake Alarm,False,1,0,1
382815140665491456,592,2776,True,137138,2597,Earthquake Alarm,False,1,0,1
382815170923610112,104,95,True,3679,2742,Omar VQ,False,0,1,0
382815208005062656,250,204,True,4407,1790,tide,False,1,1,0
382815219891712000,36,156,True,262,1853,Abdul Kareem Bux,False,1,1,0
382815237940187136,1141,554,True,101309,2129,Falcon,False,1,0,1
382815263483506688,723,257,True,15194,3241,Karim El Shawarby,False,5,1,0
382815297347911680,1917,5041,True,96700,1935,Mohib Khan,False,4,1,0
382815302993842176,4077,58815,True,30198,2283,EU Humanitarian Aid,True,2,1,1
382815351211175936,538,116,True,700,1930,Shahbaz Ali,False,2,0,0
382815369251282944,538,794,True,165129,2437,Girish Joshi,False,1,2,0
382815393079111680,21,253,True,21276,2284,Abdulmajid Abbas MD,False,2,0,1
382815402826268672,292,73,True,2562,1807,Ammad Khan,False,2,0,0
382815408903843840,3410,4401,True,21444,3652,James George,False,3,0,1
382815450272649216,672,1771,True,53759,2215,Basit Khan Durrani üáµüá∞,False,2,0,0
382815462645440512,29,132,True,98,1787,Pak Curricula Reform,False,1,2,0
382815466344816640,1036,2482,True,4622,1776,Litbloc,False,2,0,1
382815477837225984,4411,3231,True,688134,2946,ProSyria üá∏üáæüá≥üáø,False,6,1,0
382815486313906177,396,552,True,29835,3245,Awais Munawar,False,1,1,0
382815488935342082,2925,796,True,7545,2391,Beatriz Tamaroni,False,1,1,1
382815509324263424,237,271,True,13631,2633,vital sign,False,1,2,0
382815529486254080,1091,7235,True,89401,3311,Fawad Rehman,True,4,1,0
382815535982858240,18,120033,True,168293,3724,Pakistan News,False,2,0,1
382815541372932096,475,3737,True,26729,2737,rabya khan,False,1,2,0
382815548230221826,438,3066,True,15944,2869,Samar K. Esapzai,False,3,2,1
382815602164781056,330,115,True,2258,1957,Waqas,False,4,1,0
382815604484620288,1166,619,True,11907,2567,Clevey Wonder,False,5,1,0
382815607491923968,538,794,True,165129,2437,Girish Joshi,False,1,2,0
382815624936050688,165,4055,True,121523,2326,S O H A I B,False,4,1,0
382815628953804800,238,442,True,45772,3337,khizar üôÑüôÑ,False,2,1,0
382815649736953856,237,271,True,13631,2633,vital sign,False,2,1,0
382815654471938048,39,2879,True,27498,2451,Dr Uzma,False,1,0,0
382815657425117184,280,2260,True,435113,2154,Zeeshan Shah,False,1,1,1
382815658540818432,1809,1252,True,11459,2626,Hasneet Singh Punia,False,2,1,1
382815716300177408,116,12655,True,4805,2440,Jinnah Institute,False,0,2,0
382815731915554816,116,12655,True,4805,2440,Jinnah Institute,False,1,3,0
382815751411089408,295,454,True,12268,1746,AZAD BALOCHISTAN,False,1,0,0
382815776425525248,236,13723,True,363177,2390,Pakistan News,False,2,0,1
382815780041404416,461,3870,True,80427,2566,üáµüá∞Tahir Khanüá∏üá¶,False,1,0,1
382815792200306688,1427,602,True,51608,2493,Somaya,False,2,0,0
382815813809364992,7279,6501,True,1882,2954,Cleo,False,1,1,1
382815843706343424,632,4022,True,86899,2304,Danish Usman,False,4,1,0
382815846189768704,538,794,True,165129,2437,Girish Joshi,False,1,2,0
382815850040143872,1462,2556,True,9138,3340,Anita Staver,False,2,1,1
382815862509826048,165,4055,True,121523,2326,S O H A I B,False,2,1,0
382815904834539520,425,1096,True,13239,2270,#saveBSOazadLeader,False,7,0,0
382815940720611328,177,171,True,18282,2611,Zohair Sultan,False,1,1,0
382815962438713344,37,1900,True,42940,1692,maria khan,False,2,0,1
382816005744889857,128,806,True,35575,1876,AabiHa,False,3,0,1
382816039899521024,1837,178,True,10022,2105,Jason Palmer,False,2,2,0
382816065270874112,538,794,True,165129,2437,Girish Joshi,False,1,2,0
382816079367512064,220,574,True,5689,2959,Meherabad,False,1,0,0
382816095201001474,135,746590,True,342471,2951,The Express Tribune,True,1,0,1
382816114889465856,165,4055,True,121523,2326,S O H A I B,False,3,0,0
382816126389866497,2128,7276,True,181200,1946,Hani Qureshi,False,4,1,0
382816138763046912,12,428,True,17859,2276,ùíÆùí∂ùìÅùìÇùí∂ ‚ãÜ,False,4,0,0
382816167368196096,1905,1971,True,1333,1763,World Traveller,False,1,2,1
382816180055977984,1377,1313,True,16728,3313,Sarah G,False,6,1,0
382816197588168704,135,746601,True,342471,2951,The Express Tribune,True,1,0,1
382816204877885440,2128,7276,True,181200,1946,Hani Qureshi,False,2,1,0
382816210012098560,151,2490,True,139202,2362,Australianwarnings,False,3,0,1
382816216571604992,376,314,True,20089,2525,Arslan Sherazi,False,1,0,0
382816229137719296,540,1298,True,364118,2743,RTCP24 NEWS‚Ñ¢,False,2,1,1
382816229167099904,475,216,True,1477,3066,Arnoud Zwemmer,False,1,0,1
382816284288643072,629,653,True,3382,1919,Rahil Sheikh,False,2,0,0
382816301028089856,1311,3556,True,25192,2636,Simon Robinson,True,1,0,1
382816317260066818,1915,770,True,244051,3119,KingDon,False,4,0,0
382816326265229312,341,7072,True,200198,2299,Dawood Khattak,False,2,1,0
382816331961077761,305,187,True,13099,2274,ZeeK,False,6,1,0
382816365205127168,497,609,True,18593,3810,Ali Hassan,False,2,0,0
382816386000502784,805,270,True,2332,1851,Bernard Lynch,False,1,0,1
382816399183577088,931,2032,True,21113,3098,amurtaza,False,1,1,0
382816420356030465,393,25034,True,57575,2466,Khushal Khan,False,2,1,0
382816433455259648,987,444,True,15181,2487,Atta ul Muzafar,False,1,1,0
382816452325019649,4411,3231,True,688134,2946,ProSyria üá∏üáæüá≥üáø,False,2,1,0
382816472713945088,280,2260,True,435113,2154,Zeeshan Shah,False,1,1,0
382816510604898304,441,172,True,10529,3322,Cuda,False,1,1,0
382816512249044992,437,8974,True,34032,2725,Veengas,True,4,0,1
382816578271592448,211,1126,True,66588,3251,Dennis Levy,False,5,1,0
382816597565382656,316,67144,True,38321,2745,EMSC,True,2,0,1
382816620055248896,2556,51810,True,5850,3075,UNDP Pakistan,True,2,1,1
382816628846895104,1156,46555,True,4116,1844,Enver Hoxhaj,True,1,0,0
382816646769160192,280,2260,True,435113,2154,Zeeshan Shah,False,2,1,0
382816648341630977,19,848,True,3806,1847,Archive150,False,3,0,1
382816679132020736,413,37188,True,53052,2761,Business Recorder,False,1,0,1
382816685335801856,1422,2039,True,75622,3237,Jes√∫s M¬™ S√°nchez,False,2,1,0
382816715907678209,962,4555,True,2910714,3033,PulpNews Crime,False,3,0,1
382816752398528512,777,8301,True,38894,2123,Qissa Khwani,False,3,1,0
382816763546587137,768,493,True,14975,3337,Wajahat Mateen,False,2,1,1
382816788473729024,777,8301,True,38894,2123,Qissa Khwani,False,2,1,0
382816798799704064,761,775,True,43039,1866,Aurangzeb Altamash,False,4,1,0
382816829875712000,624,16114,True,328407,2871,Syedih,False,2,1,0
382816842097516545,2128,7276,True,181200,1946,Hani Qureshi,False,3,0,0
382816843850719232,3575,2142,True,185771,2945,sylvain raillard,False,2,1,0
382816850884960256,488,121451,True,150599,2842,Bushra Gohar,True,2,2,0
382816856631169024,70,574,True,3670,2914,Pierre Richard Midy,False,6,0,1
382816951141015552,1014,1234,True,3176,1844,Sadiq baloch,False,2,0,1
382816958065815552,570,755,True,20934,2703,Reem Baggash,False,1,2,1
382816970250256384,697,68930,True,19548,2636,Ehsanullah Amiri,True,1,1,1
382816989795741696,2111,5626,True,4135,2300,Sports News Wire,False,8,0,1
382816993713213441,1655,119254,True,215635,2403,Zarrar Khuhro,False,2,1,0
382817010331037696,632,4022,True,86899,2304,Danish Usman,False,3,0,0
382817013053149184,1655,119254,True,215635,2403,Zarrar Khuhro,False,3,1,0
382817014873485313,178,227,True,811,1756,Ahsan Ali Zahid,False,3,0,1
382817042132258818,1662,468,True,24238,3025,ÿπŸÑ€å ÿ¥ŸÅ€åŸÇ,False,2,1,0
382817065624543233,852,14584,True,78915,3085,Shakir Husain,False,3,0,1
382817080698888192,740,785,True,25018,2655,Ragab A. Hafiez,False,2,0,1
382817085069737984,280,2260,True,435113,2154,Zeeshan Shah,False,1,1,0
382817095710294016,765,949,True,31223,3197,Farhan Syed,False,6,1,0
382817097069244416,575,1355,True,74589,3038,Imran MujeebSiddiqui,False,3,2,0
382817115780026369,431,3714,True,143828,2363,Just an Insect,False,2,1,0
382817132859256832,398,2220,True,54402,1870,Bia,False,2,1,0
382817147962925057,304,311,True,23976,2888,Usman Shahid,False,1,1,0
382817159321092096,398,2220,True,54402,1870,Bia,False,3,1,0
382817160017772544,2288,1839,True,25681,3064,Do lifestyle blog,False,1,0,0
382817175712436224,1,3369,True,81828,2697,All Pakistan News,False,1,0,1
382817190937763840,431,3714,True,143828,2363,Just an Insect,False,3,1,0
382817217185710080,497,609,True,18593,3810,Ali Hassan,False,2,0,1
382817224739680256,647,536,True,4323,2574,Muhammad Adil Khan,False,4,1,0
382817282247770112,647,536,True,4323,2574,Muhammad Adil Khan,False,4,1,0
382817283846209537,227,50654,True,43572,2846,Tahar Hani,True,1,0,0
382817293912518656,624,16114,True,328407,2871,Syedih,False,3,1,0
382817340909682688,1938,1715,True,10154,2918,„Ç´„ÉØ„ÉÅ„É£„É≥,False,1,2,0
382817353882292224,330,1224,True,18673,1865,Shoaib Iqbal,False,1,2,1
382817400300658688,365,270,True,36232,3557,Sagar Chatterjee,False,1,0,1
382817407091216386,443,73,True,3647,2296,Orang Utan,False,2,1,1
382817422979260417,121,320,True,78698,1681,Aida Leonetti,False,2,0,1
382817478541189120,355,59,True,8,1733,Janine Uberas ,False,5,0,1
382817502884945920,168,52,True,13803,2075,Ayesha U.,False,1,0,0
382817541351301120,1346,2283,True,8208,2322,Wasif Ullah,False,2,1,0
382817567519154176,0,102038,True,153595,2259,JAAG TV,True,2,0,1
382817582266335232,415,7070,True,27610,1848,Kuldeep Singh,False,1,0,0
382817615241957376,533,11809,True,16436,2099,Adam Roberts,True,0,1,0
382817630614073346,1112,1766,True,59053,2897,Abbas Ali,False,1,0,0
382817678903083008,629,694,True,25155,3243,Ahsan Raza #FBPE,False,2,1,0
382817718493138944,183,772,True,379,1675,IGC Pakistan,False,2,2,0
382817747765186560,403,4695,True,7126,2672,Y,False,2,1,1
382817794351714304,309,232,True,774,2609,Baron Anyangwe,False,1,0,0
382817810939789312,1660,23929,True,32197,2097,Pakistan Affairs,False,3,0,1
382817828422033408,138,108,True,663,2627,Matt O'Dell,False,1,1,0
382817833874231296,445,801,True,12712,2780,Mahnoor,False,4,0,0
382817848319410176,647,536,True,4323,2574,Muhammad Adil Khan,False,3,4,0
382817862349377537,29,132,True,98,1787,Pak Curricula Reform,False,1,1,0
382817970868588544,2323,1665,True,21226,1909,Media Scarecrow,False,5,1,1
382818006046212097,378,1014,True,61896,1826,ÿØÿßŸÜÿ¥ ÿßŸÑ€åÿßÿ≥ üáµüá∞,False,3,0,0
382818065450151936,437,8974,True,34032,2725,Veengas,True,5,0,0
382818091605843969,891,24455,True,11490,3109,Rabia Mehmood - ÿ±ÿßÿ®ÿπ€Å,False,1,2,0
382818101982953472,301,549,True,44722,2746,9SupportGaza,False,2,1,1
382818105329610752,428,1174,True,55698,2309,Adeelxxx,False,2,2,0
382818128243085312,6,7256,True,24844,2341,MULTISPORTSPK,False,7,0,0
382818181821509632,301,549,True,44722,2746,9SupportGaza,False,1,1,0
382818189995827200,6746,7549,True,224939,2040,TavernKeepers,False,8,0,1
382818190318764032,2300,2130,True,104192,2642,John Daniels,False,8,0,1
382818191401299968,4077,58815,True,30198,2283,EU Humanitarian Aid,True,2,0,1
382818218240274432,195,850,True,2022,2705,Shahnaz bal√≥c,False,3,1,0
382818238532308993,42,50,True,2459,1830,Winston,False,1,1,1
382818251467530240,144,774,True,35772,3236,Barry Allen‚ö°Ô∏è,False,1,2,0
382818251648282624,5,79375,True,136468,4046,Iran,False,2,0,1
382818268131885056,9,1381,True,42862,2272,Hot Beak,False,2,0,1
382818298846384128,1915,770,True,244051,3119,KingDon,False,6,0,0
382818299219673089,116,12655,True,4805,2440,Jinnah Institute,False,1,2,0
382818308208091136,647,536,True,4323,2574,Muhammad Adil Khan,False,3,0,0
382818341951254529,1829,1257,True,29150,1724,Claire,False,6,1,0
382818363480633344,4943,4562,True,27341,3261,Scott Reuter üå≤‚òïÔ∏èüå≤,False,2,1,0
382818377015640065,304,311,True,23976,2888,Usman Shahid,False,2,1,0
382818398628884481,195,850,True,2022,2705,Shahnaz bal√≥c,False,3,1,0
382818413627711490,647,536,True,4323,2574,Muhammad Adil Khan,False,2,5,0
382818497744490496,69,1214,True,94086,3138,Tamer Yazar,False,2,0,0
382818524965502976,647,536,True,4323,2574,Muhammad Adil Khan,False,2,5,0
382818525020045313,11694,12781,True,336153,2104,Ron Hughes ÿ±ŸàŸÜ ŸáŸäŸàÿ≤,False,5,1,1
382818532578574336,799,554,True,4296,2936,Dearbhla,False,1,0,0
382818547132801024,31,3816,True,25262,2406,Aryan_B,False,1,1,1
382818557643730944,2249,3312,True,25098,2042,Pehlay_Pakistan,False,1,1,1
382818560420360192,2960,2889,True,25281,2721,superkaif,False,1,1,1
382818570058489857,647,536,True,4323,2574,Muhammad Adil Khan,False,2,5,0
382818604695044097,1314,372,True,9408,2210,Paulo Maur√≠cio,False,2,0,1
382818613763112960,149,20966,True,284517,2019,ŸÑÿßŸÑ ÿ®ÿ¨⁄æ⁄©⁄ë,False,1,0,0
382818652929544192,647,536,True,4323,2574,Muhammad Adil Khan,False,4,1,0
382818659909246976,295,454,True,12268,1746,AZAD BALOCHISTAN,False,7,0,0
382818672969920513,437,8974,True,34032,2725,Veengas,True,1,1,1
382818703777099777,10,64,True,19662,2264,Latest News,False,2,0,1
382818707967578112,512,384,True,12738,2700,Abdul Wahab Iqbal,False,2,0,0
382818716461068288,2,338,True,13578,2189,Advertising Facts,False,3,1,0
382818724408860672,1362,2788,True,24188,2223,Anam Rathor‚Ñ¢,False,2,0,0
382818735285080064,269,336,True,18670,1927,Frazer Norris,False,1,2,0
382818744356986880,202,129,True,1967,2316,Fatima Haider,False,2,0,0
382818785037529088,1514,2966,True,101975,3227,Mustakbil.com,False,4,0,1
382818795418419201,857,10520,True,180181,3358,Chennaivision,False,1,0,1
382818823092854784,513,1144,True,4440,3110,Yasir Khan,False,4,1,0
382818823495102464,852,14584,True,78915,3085,Shakir Husain,False,1,0,1
382818856621723648,514,15502,True,18652,2610,Shah Nawaz Bugti,False,2,1,0
382818863072960512,607,106733,True,16826,2882,Sawera Pasha,False,2,0,1
382818876301791232,53,11645,True,4833,2637,Imbisat Mallick,False,4,1,0
382818877274861568,0,102038,True,153595,2259,JAAG TV,True,3,0,0
382818911332212736,2002,1231,True,16777,2097,Tooba Masood,False,3,0,1
382818933092261888,121,320,True,78698,1681,Aida Leonetti,False,2,0,1
382818961488097280,192,447,True,28124,3210,Ali Azam,False,1,2,1
382818986829684736,41,92,True,25,1712,marinda dibben,False,1,0,0
382818992143867905,721,461,True,4225,2715,Imtiaz Muslim,False,1,1,0
382818993813204993,909,1094,True,8294,3051,Adnan Rashid,False,1,1,1
382819043113046016,699,2416,True,12460,2055,ManzoorHussain Bugti,False,2,0,0
382819091054342144,0,102038,True,153595,2259,JAAG TV,True,2,0,0
382819139858870272,135,746590,True,342471,2951,The Express Tribune,True,1,0,1
382819199414177792,5,79375,True,136468,4046,Iran,False,4,0,1
382819235749040129,3372,4511,True,10636,1972,Green Cricket,False,2,0,0
382819259447267328,1219,2028,True,33781,2828,Malice,False,3,1,0
382819348764577792,423,368,True,46540,2780,Yppah Syad,False,5,0,1
382819349150461953,4,795,True,12374,2014,Mushtaq Khan,False,2,1,0
382819355035447296,5075,8283,True,23128,2578,Eve Mashoo,False,1,0,0
382819355571937281,330,1224,True,18673,1865,Shoaib Iqbal,False,3,0,0
382819389768097792,178,14878,True,134832,2879,ÿ®ŸÑ⁄à€å ÿ≥Ÿà€åŸÑ€åŸÜ,False,5,0,0
382819401092706304,53040,82747,True,84841,1881,Ch Farakh Shahzad,False,2,1,0
382819416033214464,2348,1426,True,16982,2745,Silvia Su√°rez,False,1,2,0
382819416959758338,121,209,True,439,1728,Rabil Sindhu,False,3,0,0
382819453362130944,5,753,True,4319,1890,Sahil PTI,False,3,2,0
382819460484067328,67,1761,True,36797,1740,B.S Baloch,False,2,0,1
382819486929526784,848,697,True,24612,3087,ÿ±ÿßŸÜÿß ÿ¨ŸàÿßÿØ ÿßÿ≠ŸÖÿØ,False,3,0,2
382819489512828928,3983,11812,True,176076,3169,Nilim Dutta,False,1,1,1
382819534685491200,332,520,True,20861,1780,Darwesh,False,3,1,1
382819534761369600,154,18052,True,101968,3310,Tahir Imran Mian ‚úà,True,1,2,0
382819537588326400,80,19373,True,176615,2894,Ali Nawaz‚Ñ¢,False,3,1,0
382819555363414018,376,2289,True,30062,2873,Tunis Daily News,False,1,0,1
382819579510403072,3012,1395,True,12991,2943,Khan Saqib| ÿØ⁄æŸÜ€å ŸàÿßŸÑ,False,1,0,1
382819616265084928,949,7282,True,148824,3900,Khaver Siddiqi,True,1,1,0
382819645721690113,324,312,True,15019,1819,Adnan Khan,False,4,1,0
382819649781764096,80,19373,True,176615,2894,Ali Nawaz‚Ñ¢,False,2,1,0
382819652004352000,272,254,True,8598,2623,Nuzhat,False,3,1,0
382819657843220480,154,18052,True,101968,3310,Tahir Imran Mian ‚úà,True,0,3,0
382819659411509249,29,132,True,98,1787,Pak Curricula Reform,False,1,1,0
382819696611188736,490,169,True,1664,2190,DMalone,False,2,2,1
382819700377264129,3707,7615,True,53099,3253,Faria Khan,False,1,0,1
382819713413152769,127,222,True,462,1728,Che Sindhi,False,1,2,0
382819728919523329,344,1526,True,5524,2997,Aon Hussain,False,3,1,0
382819779918065664,112,1522,True,2581,1739,Mohammad Umer Bugti,False,2,1,0
382819798436290560,491,2209,True,10128,2188,UC-26 (Ex- UNIT144),False,4,1,0
382819816102318080,127,222,True,462,1728,Che Sindhi,False,2,1,0
382819854081732608,5362,6924,True,160969,3328,L4TLPrisonMinistry,False,2,1,1
382819862109638657,196,577,True,8075,2167,Jano Duniya,False,2,0,1
382819867776122880,269,416,True,24743,2817,Nafees,False,2,2,0
382819884511797248,72,194,True,14532,1984,TiGerS of ImraN KhaN,False,3,0,1
382819888986746880,433,686,True,8084,2876,Yanna‚ì•,False,1,0,0
382819911031992320,177,3300,True,6728,2551,AB Bugti,False,3,0,0
382819933010137088,17,17,True,120,1872,Economic Review ,False,3,0,0
382819940501164032,118,1203,True,1527,2224,Ali Iqbal,False,4,1,0
382819969337028608,332,520,True,20861,1780,Darwesh,False,3,1,0
382819969848729600,193,181,True,12184,2426,Jeanne,False,1,2,0
382820017672187904,629,694,True,25155,3243,Ahsan Raza #FBPE,False,4,0,1
382820018695995392,425,1096,True,13239,2270,#saveBSOazadLeader,False,2,0,0
382820031005859840,209,530,True,439919,1988,NewsTreasury,False,1,0,1
382820055131893760,543,453,True,36029,3108,Bon John,False,1,1,0
382820108147888128,491,2209,True,10128,2188,UC-26 (Ex- UNIT144),False,4,1,0
382820135687716864,324,1012,True,79209,2757,Frankly,False,6,1,0
382820144000413696,731,1151,True,8747,3232,Sajjad Rizvi,False,1,2,0
382820174677946368,21,253,True,21276,2284,Abdulmajid Abbas MD,False,2,0,1
382820204994371584,6249,5705,True,31124,3101,kgcentral,False,4,0,1
382820222182637568,128,134,True,3679,2084,Anas Haruna,False,2,0,0
382820242289750017,2190,3640,True,17916,3006,Monib Raj,False,2,1,0
382820253484322817,2190,3640,True,17916,3006,Monib Raj,False,3,1,0
382820264959959040,2190,3640,True,17916,3006,Monib Raj,False,2,1,0
382820301035565056,543,453,True,36029,3108,Bon John,False,2,1,0
382820315513896961,3075,3236,True,57774,3010,ÿ∫ ÿπ €î ÿ¨€åŸà,False,1,1,1
382820364788969472,733,452,True,12345,1806,SJay,False,3,1,0
382820391666081792,2190,3640,True,17916,3006,Monib Raj,False,2,0,1
382820450587668480,2999,56403,True,792245,2888,Hassan Khan,False,3,2,0
382820461241184256,2283,1618,True,10002,3172,Elorm Allavi,False,1,1,0
382820462830424064,428,293,True,1746,2639,Ovais Zuberi,False,2,0,0
382820501821067265,295,357,True,6735,3185,Sehr Rana,False,3,0,0
382820554186981376,4077,58815,True,30198,2283,EU Humanitarian Aid,True,1,0,1
382820573673320448,142,279,True,457,1728,Wafa Freedom,False,2,1,0
382820590014693377,104,1117,True,45180,2212,Earth Quake Report,False,1,0,1
382820595391418368,4,795,True,12374,2014,Mushtaq Khan,False,2,0,0
382820720708833280,238,442,True,45772,3337,khizar üôÑüôÑ,False,2,1,0
382820878464983040,852,14584,True,78915,3085,Shakir Husain,False,2,1,0
382820883040960512,5784,6070,True,5193,1716,Amna Rizvi,False,3,0,0
382820885280747520,2637,4607,True,145687,2058,umer hafeez,False,2,0,1
382820886296145920,55,2452,True,12015,2483,PakistaniSoldiers,False,4,0,1
382820887529271296,55,2452,True,12015,2483,PakistaniSoldiers,False,4,0,1
382820893656764416,376,314,True,20089,2525,Arslan Sherazi,False,1,0,0
382820917702713344,171,23,True,724,2921,SaLman GhiAs,False,3,0,0
382820921540476928,110,1075,True,14891,2022,SADIQ HUSSAIN JIVANI,False,2,0,1
382820955682115585,121,320,True,78698,1681,Aida Leonetti,False,2,0,1
382820963861004288,235,6933,True,6911,2271,P@SHA,False,2,2,0
382820983347761152,34,77,True,4793,3127,Zulfiqar Ansari,False,2,2,0
382821025354108928,113,813,True,18984,3230,DR.TAHIR MUGHAL,False,0,0,0
382821063916138497,142,279,True,457,1728,Wafa Freedom,False,1,2,0
382821085013868544,1958,1943,True,11956,2024,Jimmy Changa,False,6,1,0
382821090160308224,1010,259596,True,10975,2574,Fahd Husain,False,2,2,0
382821091774705666,768,493,True,14975,3337,Wajahat Mateen,False,3,1,1
382821132958572545,61936,62901,True,1468006,3430,D S N üõë,False,2,1,1
382821133973991424,506,4262,True,24766,3359,Simon Keeling,False,3,0,1
382821134129180673,7,114,True,18584,2513,SailingWeather.co.uk,False,3,0,1
382821134179110912,1082,3261,True,55793,1895,Caped Sufi,False,2,1,0
382821174960717825,672,35618,True,149945,3480,Naveed,False,2,1,0
382821205574946816,396,222,True,1832,2223,FaizQadri,False,1,0,0
382821213820944384,7004,11883,True,217125,2977,F. Jeffery üëÅ,False,1,1,0
382821223081586688,1657,11127,True,41009,1953,Amber Zulfiqar,False,2,2,0
382821232032219136,1065,5172,True,11489,2434,Faiza Azeem Usmani,False,2,0,0
382821252731109377,630,4113,True,7448,1715,India Sports TV,False,2,0,0
382821274344386560,891,24455,True,11490,3109,Rabia Mehmood - ÿ±ÿßÿ®ÿπ€Å,False,1,2,0
382821278589394945,10028,14674,True,480786,2489,Grace Murphy,False,4,2,1
382821327062589440,115,1611,True,17938,2095,Tariq Anwar Baloch,False,3,0,0
382821330787524608,1012,911,True,1789,3176,Vinay,False,2,2,0
382821366077992960,1273,2130,True,22982,2034,Will Slaton,False,2,1,0
382821401637695488,710,641,True,42778,3141,Vins,False,2,1,0
382821409103572992,154,18052,True,101968,3310,Tahir Imran Mian ‚úà,True,1,2,0
382821410076639232,778,339,True,18092,1895,DreamEr.,False,2,0,0
382821445631356928,106,189,True,15791,1839,¬§ AshNil ¬§,False,2,1,0
382821448697384960,699,2416,True,12460,2055,ManzoorHussain Bugti,False,0,1,0
382821473083064320,15558,17214,True,13657,2890,Nadeem Akram,False,5,0,0
382821502250270720,1040,7563,True,15664,2165,Gull Nawaz Bugti,False,2,0,0
382821548920700928,87,293,True,32198,2251,Pakistani,False,1,1,0
382821588863029248,153,95,True,1722,2576,ÿ≥ÿ® ÿ≥€í Ÿæ€ÅŸÑ€í Ÿæÿß⁄©ÿ≥ÿ™ÿßŸÜ,False,2,0,0
382821630965075968,395,197,True,3817,2513,tooba,False,2,1,0
382821653098409984,979,22999,True,31456,2113,Elina ≈ûevket,False,2,1,0
382821678771761153,278,3207,True,9700,2798,Rashid S Khan,False,1,2,0
382821704713527297,208,35,True,101,2068,Azmat Ullah,False,2,1,0
382821717301010432,431,388,True,24814,2573,syedtalalhaiderzaidi,False,3,0,0
382821753694990336,530,713,True,5982,1685,Fatima Azhar,False,4,0,0
382821772698984448,236,13723,True,363177,2390,Pakistan News,False,2,0,1
382821812012216320,323,501,True,1969,3320,Sheeba Naaz,False,4,1,0
382821843012308992,6232,16438,True,97344,2335,Ahsan Masood Tanoli,False,2,0,0
382821844107407360,374,5566,True,41370,2025,√Ç√¨¬ßh√† √ë√≤√≥r,False,2,1,0
382821853745516544,142,279,True,457,1728,Wafa Freedom,False,2,1,0
382821855024799744,1839,1853,True,33938,2058,The Marketing Chick,False,2,2,0
382821952085176321,681,687,True,18921,2907,Vanda Lengkong,False,1,1,0
382821969093484544,1033,781395,True,27168,2933,SenatorSherryRehman,True,1,2,0
382822042762223616,425,1096,True,13239,2270,#saveBSOazadLeader,False,3,0,0
382822064878800896,230,430,True,21848,1682,Mishmah Fazal,False,3,0,0
382822073887760384,2935,9100,True,3192,2642,Matthew Green,False,2,1,1
382822075297058816,1,15033,True,260999,1809,Every Earthquake,False,2,0,1
382822113901424641,1839,1853,True,33938,2058,The Marketing Chick,False,1,1,0
382822142481825792,324,1012,True,79209,2757,Frankly,False,0,1,0
382822149318512640,201,35600,True,64168,2916,Irum Azeem Farooque,True,3,0,0
382822163742330881,514,15502,True,18652,2610,Shah Nawaz Bugti,False,2,2,0
382822179752394752,9975,11380,True,157980,2615,Federico DeVirgiliis,False,2,1,1
382822231643934721,429,5076,True,39298,2493,Borhaan Arifee,False,2,2,0
382822236907773952,620,3430,True,6927,1913,EyeSha Rehman:Aaicha,False,3,0,0
382822265273843712,2002,1231,True,16777,2097,Tooba Masood,False,1,0,1
382822266196619264,60,136,True,157,2032,Ahsan Umar,False,5,0,0
382822283267428353,267,220,True,6131,3316,Hassan Kamal,False,1,2,0
382822285281067008,234,2276,True,48217,2021,Babur,False,2,0,0
382822296672423937,437,8974,True,34032,2725,Veengas,True,5,0,0
382822305250148352,153,95,True,1722,2576,ÿ≥ÿ® ÿ≥€í Ÿæ€ÅŸÑ€í Ÿæÿß⁄©ÿ≥ÿ™ÿßŸÜ,False,3,0,0
382822312401063936,2132,50229,True,29275,3282,UNHCR United Kingdom,True,1,2,0
382822317627150336,236,13723,True,363177,2390,Pakistan News,False,2,0,1
382822351655546881,686,1386,True,36804,2677,Mudassir ÿ≥ŸäÿØ ŸÖÿ≠ŸÖÿØ,False,5,0,1
382822363861364736,169,60,True,135,1772,Maha Babar,False,3,1,0
382822368126595072,112,1522,True,2581,1739,Mohammad Umer Bugti,False,1,1,0
382822369699840000,0,93,True,42045,1738,Islamboard,False,1,0,1
382822369766961152,812,150339,True,89172,2159,Mehr Tarar,True,1,2,0
382822371444277249,437,8974,True,34032,2725,Veengas,True,2,2,0
382822390117720064,573,352,True,3932,2634,Sarah Shedeed,False,1,0,1
382822400942817281,2128,7276,True,181200,1946,Hani Qureshi,False,4,0,1
382822408068927488,15558,17214,True,13657,2890,Nadeem Akram,False,2,0,0
382822418383110144,655,7974,True,45609,2440,Hakeem Baloch,False,1,1,0
382822442785599488,946,107249,True,42874,2990,Wasay Jalil,True,4,0,1
382822442881671169,246,1460,True,20477,2822,Sadaf,False,2,1,0
382822449156325377,121,320,True,78698,1681,Aida Leonetti,False,2,0,1
382822450658308096,724,4150,True,48775,2008,Ÿàÿ≤€åÿ± ÿßÿπÿ∏ŸÖ ÿπŸÖÿ±ÿßŸÜ ÿÆÿßŸÜ,False,1,3,0
382822450951880704,157,63,True,2064,2751,Amna H.,False,3,0,0
382822497021734913,428,1174,True,55698,2309,Adeelxxx,False,3,0,1
382822501417365505,4685,1520,True,24827,2516,Marion Fairweather,False,1,2,0
382822510674182144,4446,38199,True,169820,1773,‚ò™ Pakistan - Wake-UP,False,2,0,0
382822552768233472,205,6701,True,91682,1886,Ars√®ne Wenger,False,4,1,1
382822566240350208,428,1174,True,55698,2309,Adeelxxx,False,2,0,0
382822589388705792,459,169,True,10808,2153,Abdelhakim,False,1,1,1
382822618291658752,957,12252,True,57968,2945,Die-Hard Pakistani,False,4,1,1
382822628487987201,134,39,True,293,1699,Vito Silvano,False,2,0,1
382822646053756928,454,229,True,4061,3222,Omer Mukhtar,False,1,1,1
382822686445305856,425,1096,True,13239,2270,#saveBSOazadLeader,False,2,3,0
382822699833102336,4,971,True,153400,3293,Notimicharts,False,2,0,1
382822705407750144,458,602,True,4895,2089,Zehra Husain,False,2,1,0
382822712013758464,87,186,True,8276,1861,(ÿ≠ŸÖÿ≤€Å ŸÅ€åÿßÿ∂),False,1,0,0
382822728778006529,429,5076,True,39298,2493,Borhaan Arifee,False,4,1,0
382822733857296386,82,23056,True,7920,2157,Qasim Ali,False,3,0,0
382822749301141504,150,1947,True,172657,1883,Librocubicularist,False,5,1,0
382822759954673664,21,253,True,21276,2284,Abdulmajid Abbas MD,False,2,0,0
382822764786089984,249,8927,True,200385,3022,„Åø„Å§„ÇÑ,False,1,2,0
382822817563045889,236,13723,True,363177,2390,Pakistan News,False,2,0,1
382822836655509504,680,3633,True,15548,2258,Chawash Baloch,False,7,0,0
382822840338489344,388,565,True,13973,2731,Syed Habib,False,2,1,0
382822855915741185,94,442932,True,16586,2267,Official Warid,True,1,0,0
382822862731493377,3036,10384,True,240906,3293,Sofia Smith ÿ≥ŸáŸâ,False,2,0,1
382822874022965248,655,7974,True,45609,2440,Hakeem Baloch,False,6,1,0
382822879940706305,448,2621,True,106095,2339,üáµüá∞,False,2,0,0
382822886056001536,429,5076,True,39298,2493,Borhaan Arifee,False,2,1,0
382822886446096384,1333,580,True,6063,2559,Eliud Limo,False,1,0,0
382822888870387714,706,1097,True,99852,2136,Sweet Chin Music,False,2,2,0
382822908147822592,2999,56403,True,792245,2888,Hassan Khan,False,1,1,0
382822918637748224,388,565,True,13973,2731,Syed Habib,False,3,1,0
382822927441215488,266,3282,True,4127,2166,Malookan Bugti,False,2,0,0
382822929647808512,374,5566,True,41370,2025,√Ç√¨¬ßh√† √ë√≤√≥r,False,5,1,0
382822933896241152,624,3255,True,4767,2804,Mashallah News,False,3,0,1
382822946068500480,1095,90,True,1373,3158,Hamza Ehsan Dogar,False,2,2,0
382822963080200193,1040,7563,True,15664,2165,Gull Nawaz Bugti,False,1,0,0
382822978402385921,655,7974,True,45609,2440,Hakeem Baloch,False,3,1,0
382823011025297408,1935,1308,True,48367,2452,Alban K,False,1,1,0
382823025717940224,171,23,True,724,2921,SaLman GhiAs,False,3,0,0
382823037638574080,2366,1092,True,27166,2455,Naghman,False,3,2,0
382823063404179456,454,239,True,3946,2402,Natasha Nimmi,False,2,0,1
382823078025519104,655,7974,True,45609,2440,Hakeem Baloch,False,1,2,0
382823092617089024,14,34926,True,19736,2097,Southern CA Quakes,False,1,0,1
382823095863504896,10,153233,True,167366,2431,Earthquake Alerts,False,1,0,1
382823099097300993,5,40700,True,39439,2008,CA Earthquakes,False,1,0,1
382823137127452672,365,101,True,4788,1796,Shihab Khan Kiani,False,1,1,0
382823137194569728,901,18814,True,11755,3286,Knowledge Katti,False,3,2,0
382823165795508224,426,7411,True,12040,2538,Naseer Kakar,True,2,2,1
382823169301544960,471,608,True,11851,2961,Umair Aziz,False,1,0,0
382823176449036288,452,2729,True,2132,2455,CERP,False,2,1,0
382823177295888384,575,313,True,1260,3197,Rahul Undevia,False,3,0,0
382823181104742401,735,221,True,14555,3279,Keith,False,6,1,0
382823210234183680,655,7974,True,45609,2440,Hakeem Baloch,False,2,1,0
382823210829377536,236,13723,True,363177,2390,Pakistan News,False,2,0,1
382823210846150656,236,13723,True,363177,2390,Pakistan News,False,2,0,1
382823233105297408,895,1331,True,93025,2127,ŸÖÿ≠ŸÖÿØ ÿπŸÖ€åÿ± ÿØÿ®€åÿ±,False,4,1,1
382823256426045440,958,840,True,107218,3313,"""Fo' nine Phenom""",False,2,1,1
382823277200015360,1794,1078,True,18030,2403,robyn havis,False,1,0,0
382823308858642432,4017,6795,True,16633,3229,Che Marville,False,2,1,1
382823313489559552,303,58,True,1324,1843,muhammad irfan asif,False,2,1,1
382823316442333184,431,388,True,24814,2573,syedtalalhaiderzaidi,False,2,0,1
382823345521442816,0,102038,True,153595,2259,JAAG TV,True,4,0,0
382823358226006016,655,7974,True,45609,2440,Hakeem Baloch,False,3,1,0
382823382443495424,4446,38199,True,169820,1773,‚ò™ Pakistan - Wake-UP,False,2,0,0
382823389951307776,4017,6795,True,16633,3229,Che Marville,False,1,2,1
382823409350356992,1173,248,True,1676,1707,Moonlightsparkles,False,1,2,0
382823434503217153,363,1708,True,9890,2642,ParkhaAsad,False,2,3,1
382823434939404290,215,334,True,6201,1825,Faiza Aslam,False,3,1,0
382823444015882241,57,58,True,414,2352,Asma Rehman,False,1,0,1
382823448646807552,655,7974,True,45609,2440,Hakeem Baloch,False,3,1,0
382823472813969408,82,23056,True,7920,2157,Qasim Ali,False,1,1,0
382823476471803904,198,970,True,23007,3011,Makiz Nasirahmad,False,6,1,0
382823484914544640,209,530,True,439919,1988,NewsTreasury,False,1,0,1
382823501549543424,34,82,True,11000,2368,Mark Realmz,False,1,1,1
382823506645250048,777,908,True,226817,2768,yoyo,False,2,1,1
382823553936404480,20,103,True,420,3364,nOmI,False,2,2,0
382823598962257920,11,308,True,27607,1933,CloudsOnEurope,False,2,0,1
382823613922947072,514,15502,True,18652,2610,Shah Nawaz Bugti,False,3,0,0
382823639084564480,895,1331,True,93025,2127,ŸÖÿ≠ŸÖÿØ ÿπŸÖ€åÿ± ÿØÿ®€åÿ±,False,3,1,0
382823709754810368,238,286,True,31657,1737,Reportz,False,3,1,1
382823723872833536,154,1025,True,26435,2408,ÿπÿßŸÖÿ± | Aamir,False,2,1,0
382823728662327296,175,167,True,393,2189,Lesther A. Ortega,False,3,0,1
382823754432143361,231,2580,True,3915,2218,Nawaz Hussain Bugti,False,2,0,0
382823780910788608,4446,38199,True,169820,1773,‚ò™ Pakistan - Wake-UP,False,2,0,0
382823788565372928,3707,7615,True,53099,3253,Faria Khan,False,4,1,0
382823795461197824,152,4818,True,1763,3231,Fasih Bokhari,False,2,2,1
382823822929301504,428,1174,True,55698,2309,Adeelxxx,False,2,0,0
382823828373508097,328,2686,True,9826,2166,SahiBaksh Bugti,False,3,1,0
382823842164797440,987,2070,True,17535,1875,Saqeena Quasim,False,4,0,0
382823867040808961,328,2686,True,9826,2166,SahiBaksh Bugti,False,1,1,0
382823898813059072,412,366,True,3416,2309,Usama Aman,False,2,0,0
382823900356550657,257,52861,True,5314,2279,Quatrina,False,2,2,0
382823900662341632,12,565590,True,64112,2930,Tehelka,True,1,0,1
382823928952938496,511,312,True,2035,2353,Irele amorin chukwu,False,3,0,1
382823943276462080,1965,928,True,453,1878,Salman Saleem,False,5,0,1
382823945667215360,4987,3399,True,38767,3169,Nick Hentoff,False,5,0,1
382823952776560640,4446,38199,True,169820,1773,‚ò™ Pakistan - Wake-UP,False,2,0,0
382823962151243776,655,7974,True,45609,2440,Hakeem Baloch,False,5,0,0
382823974675034112,428,1174,True,55698,2309,Adeelxxx,False,4,0,0
382824014798143488,4,58,True,2578,1874,sohaiL,False,3,0,1
382824019386314752,428,1174,True,55698,2309,Adeelxxx,False,3,0,0
382824029599858688,96,176,True,6326,3594,Lennon,False,3,0,0
382824038814322688,909,1094,True,8294,3051,Adnan Rashid,False,5,0,1
382824065834029056,451,249,True,21031,2254,IKRA,False,2,2,0
382824091087953920,204,274,True,19145,2280,In Break,False,1,1,0
382824100538109952,271,5405,True,13893,3234,Narayan Lakshman,True,4,0,1
382824138953752576,25934,336927,True,77361,2952,Zaid Aziz üáµüá∞,False,2,1,0
382824142942134272,5,0,True,11,1670,Rinddevelopers,False,3,0,2
382824143483199488,866,3168,True,18370,1865,Sabah Alam,False,3,1,0
382824150001127424,428,1174,True,55698,2309,Adeelxxx,False,4,0,1
382824153595658241,21434,47809,True,9984,1810,HTV,True,1,0,0
382824175255031809,382,4128,True,39166,2364,ÿπŸÖÿ±ÿßŸÜ,False,4,1,0
382824222411980801,324,1012,True,79209,2757,Frankly,False,2,0,0
382824236785467392,428,1174,True,55698,2309,Adeelxxx,False,3,1,0
382824259821002752,8,167,True,42344,2179,AA,False,1,2,0
382824277193793536,958,840,True,107218,3313,"""Fo' nine Phenom""",False,1,2,0
382824308478709761,444,89498,True,99045,2200,Aisha Baloch,False,4,1,0
382824310865657856,530,713,True,5982,1685,Fatima Azhar,False,1,1,0
382824341152333826,428,1174,True,55698,2309,Adeelxxx,False,2,0,0
382824348572057600,873,356255,True,100336,3388,Khaleej Times,True,3,0,1
382824366134018048,388,565,True,13973,2731,Syed Habib,False,4,0,0
382824366855430144,720,9872,True,18368,2286,Opinion Matters,False,4,1,0
382824374338060288,202,71,True,253,3299,Eric Heredia,False,2,0,0
382824376837881856,96,176,True,6326,3594,Lennon,False,3,0,0
382824384974843904,50,769,True,6844,2903,Shabbir,False,4,0,1
382824406516367361,55,4765,True,820,2027,Rahat Fateh Ali Khan,False,3,0,0
382824408731377664,50,769,True,6844,2903,Shabbir,False,3,0,1
382824447696453632,50,769,True,6844,2903,Shabbir,False,3,0,1
382824516789215232,2354,671,True,14449,2037,Mohsin Dawood,False,2,1,0
382824518193934337,699,597,True,12508,1995,Saima Saleem,False,2,0,1
382824525324619776,2253,6683,True,78927,2399,Fadii,False,2,2,0
382824528927526912,503,3178,True,10039,2597,QAMBARANI,False,1,0,0
382824558723862528,8320,7594,True,39728,1953,Great Baloch,False,3,0,0
382824575886970880,211,2130,True,3424,2267,Glow by Warid,False,1,0,1
382824592122736641,4,795,True,12374,2014,Mushtaq Khan,False,1,0,1
382824601300238336,116,1361,True,18362,3488,Live‚ö°TheBitcoiner,False,3,1,1
382824614373498880,5,0,True,11,1670,Rinddevelopers,False,1,0,1
382824615275671552,51,451,True,26623,2894,Shahid Zahoor,False,1,1,0
382824623353507840,62,31,True,16725,1740,Atif Paracha,False,3,1,0
382824649039806464,319,7081,True,16590,2612,Shahsawar Baloch,False,2,2,0
382824690235871232,720,2193,True,186742,3033,Oddwani,False,0,2,1
382824699837034496,234,2276,True,48217,2021,Babur,False,3,0,0
382824718908137472,428,1174,True,55698,2309,Adeelxxx,False,1,0,0
382824758938984448,0,102038,True,153595,2259,JAAG TV,True,4,0,0
382824776424644608,664,1281,True,73802,2989,ÿßÿ≠ŸÖÿØ,False,4,0,1
382824795257057280,669,382,True,26260,1972,Ateeq wasil,False,2,1,0
382824796389527552,253,148,True,2581,2153, Nauman Awan,False,2,1,0
382824798923280384,96,176,True,6326,3594,Lennon,False,1,0,0
382824810750816256,14311,27500,True,54657,2178,sreenivas,False,3,1,0
382824848008818688,835,50589,True,282596,3414,Oneindia.com,True,1,0,1
382824856879767553,141,51,True,5474,2386,MS,False,2,2,0
382824857555062784,135,746590,True,342471,2951,The Express Tribune,True,2,0,1
382824863750045696,1965,928,True,453,1878,Salman Saleem,False,6,1,0
382824871849254912,200,2480,True,10217,3145,Altaf Ahmed,False,2,2,1
382824917198065664,5,0,True,11,1670,Rinddevelopers,False,4,0,1
382824943534489600,311,121,True,9455,3315,Some assembly required,False,1,1,1
382824957165580288,112,1522,True,2581,1739,Mohammad Umer Bugti,False,0,1,0
382824979240611840,768,493,True,14975,3337,Wajahat Mateen,False,1,0,1
382824985154166784,211,2130,True,3424,2267,Glow by Warid,False,1,0,0
382824991391113216,4151,24425,True,4452,3349,Charity Times,False,1,2,1
382825054322438145,661,3051,True,59422,1919,Roohan Ahmed,False,2,1,0
382825080499470336,425,1096,True,13239,2270,#saveBSOazadLeader,False,3,1,0
382825083984543746,252,149,True,1096,2810,Anas Islam,False,2,1,1
382825117812011008,114,109,True,1481,2930,Muhammad Tayyeb ÿ∑Ÿäÿ®,False,1,1,0
382825135696142336,29,132,True,98,1787,Pak Curricula Reform,False,1,2,0
382825143849861120,495,3531,True,6482,2106,Mohammad Ali Bugti,False,1,1,0
382825149793202176,1839,1853,True,33938,2058,The Marketing Chick,False,1,2,0
382825174703161345,937,1062,True,10356,1882,Melanie Rita,False,2,2,1
382825177324998656,1529,4354,True,27873,3350,Damon Wake,True,1,1,1
382825177488179202,957,12252,True,57968,2945,Die-Hard Pakistani,False,2,0,0
382825209575014401,167,153,True,3415,2512,Hina Rehman,False,1,1,1
382825243313979392,3838,1148,True,37487,2924,RDN78631,False,1,2,0
382825287861276672,811,5268,True,186909,3363,Vaquas Alvi,False,1,1,0
382825307046027264,870,8176,True,84203,2275,Rukhsana Qayyum Baig,False,1,3,0
382825313786662912,987,2070,True,17535,1875,Saqeena Quasim,False,1,0,0
382825324070719488,661,3051,True,59422,1919,Roohan Ahmed,False,2,0,0
382825330488004608,55,4765,True,820,2027,Rahat Fateh Ali Khan,False,3,0,0
382825340495609856,328,2686,True,9826,2166,SahiBaksh Bugti,False,1,0,0
382825364138885120,1177,2702,True,8578,2473,M√≠r√°n Bal√≥c,False,1,0,1
382825368840699904,891,24455,True,11490,3109,Rabia Mehmood - ÿ±ÿßÿ®ÿπ€Å,False,1,3,0
382825369369198592,1301,41869,True,15414,3352,Privacy International,True,4,1,1
382825383713722368,151,280,True,50971,2039,Silvija Podkrajsek,False,1,2,0
382825435362775040,145,459,True,9875,3292,Usman Ahmed,False,3,0,0
382825441863958528,25934,336927,True,77361,2952,Zaid Aziz üáµüá∞,False,3,1,1
382825443147382784,7468,7339,True,250165,2043,HumHindustani,False,3,1,0
382825455612854272,370,281,True,1886,2486,Shaheera,False,3,0,0
382825460247592960,390,2030,True,11942,1895,AQEEL BALOCH,False,1,0,0
382825466354102273,1713,400,True,2640,1830,Adeel Hussain,False,2,1,0
382825477603201027,1555,2523,True,65175,2337,Kakay,False,2,2,0
382825497291657216,452,2729,True,2132,2455,CERP,False,1,2,0
382825523791282176,96,176,True,6326,3594,Lennon,False,3,0,0
382825531730702336,15,5,True,393,2126,Super Magazine,False,2,0,1
382825536562528256,777,1815,True,41791,2135,Saqib Ahmed Khanzada,False,3,1,0
382825568015618048,761,775,True,43039,1866,Aurangzeb Altamash,False,2,2,0
382825569555316736,634,5388,True,19858,3233,"Bytes for All, PK",False,3,1,1
382825628107808768,145,459,True,9875,3292,Usman Ahmed,False,1,1,0
382825639180386304,5,0,True,11,1670,Rinddevelopers,False,4,0,1
382825658574835713,761,775,True,43039,1866,Aurangzeb Altamash,False,2,1,0
382825673892458496,428,1174,True,55698,2309,Adeelxxx,False,0,4,0
382825674056404992,2072,30464,True,108717,3384,Shaheryar Mirza,True,1,2,0
382825687913988096,14311,27500,True,54657,2178,sreenivas,False,2,1,0
382825690108026880,790,4553,True,22450,3268,Zahra Hidayatullah,False,2,0,0
382825697854496768,116,12655,True,4805,2440,Jinnah Institute,False,0,3,0
382825766683021312,680,3633,True,15548,2258,Chawash Baloch,False,3,1,0
382825780025516032,2354,671,True,14449,2037,Mohsin Dawood,False,4,2,0
382825784458489856,4,2654,True,67671,2383,Earth Alerts,False,1,0,1
382825785469308928,4,2654,True,67671,2383,Earth Alerts,False,1,0,1
382825786442387456,4,2654,True,67671,2383,Earth Alerts,False,1,0,1
382825813974204416,401,699,True,6149,2070,ruben dieckhoff,False,4,1,0
382825850346819585,777,1815,True,41791,2135,Saqib Ahmed Khanzada,False,2,1,0
382825894504443904,508,11264494,True,378333,2925,Times of India,True,1,0,1
382825898506203136,426,7411,True,12040,2538,Naseer Kakar,True,2,0,1
382825906336583680,680,3633,True,15548,2258,Chawash Baloch,False,5,0,0
382825926566109184,34,82,True,11000,2368,Mark Realmz,False,6,1,0
382825931930230785,2575,1348,True,5901,3304,Taqi Mehran,False,1,0,1
382825934111252481,322,615943,True,135161,2630,Dawn.com,True,5,0,1
382825934996262912,428,1174,True,55698,2309,Adeelxxx,False,4,0,0
382825979397570560,276,261,True,1903,2217,AircooledPK,False,4,0,1
382825980412170240,149,1065,True,703107,1997,Hillbilly Times,False,1,0,1
382825983273082880,93,4498,True,238997,2896,Zenub Babur Butt,False,3,1,1
382825988595650560,51,451,True,26623,2894,Shahid Zahoor,False,5,1,1
382825997885640704,445,801,True,12712,2780,Mahnoor,False,5,1,1
382825999798267904,2198,206523,True,106226,3615,Jim Roberts,True,1,0,1
382826003959017473,205,6701,True,91682,1886,Ars√®ne Wenger,False,1,1,0
382826013954039808,835,692,True,56634,3026,Hasan Ahmed,False,2,1,0
382826035135266818,428,1174,True,55698,2309,Adeelxxx,False,2,0,0
382826047361662976,29,3,True,79,1929,Danish Ansari,False,4,1,1
382826047722364928,207,606,True,9429,1981,Palestine-Syria Jew,False,2,1,1
382826049907601409,200,2480,True,10217,3145,Altaf Ahmed,False,2,0,0
382826061513240576,2408,601,True,8389,3107,Muhammad Luqman,False,1,0,0
382826087194968064,1489,4452,True,343172,3127,L è…¥·¥ÖÍú±·¥Ä è F·¥Ä Ä ü·¥è·¥°,False,1,0,1
